INTPTLAT,INTPTLONG
39.806402,-90.95883
39.891313,-91.205887
40.060739,-91.098054
40.059761,-90.970457
39.982806,-91.097926
39.977825,-90.962427
39.99391,-91.314107
39.80598,-91.315353
39.981556,-91.213686
40.066323,-91.200985
40.157301,-91.092619
40.144978,-91.203442
39.88222,-91.091844
40.162495,-91.406187
39.885869,-90.991157
39.883078,-91.343049
40.101637,-91.290728
40.1446,-90.972997
39.805514,-91.19643
39.933675,-91.379304
39.792234,-91.101262
39.998434,-91.432748
40.081848,-91.405093
37.073694,-89.278254
37.006288,-89.18288
37.29852,-89.421926
37.159994,-89.368963
37.193303,-89.305519
37.298222,-89.288608
37.211129,-89.399524
38.785228,-89.546883
38.868614,-89.433083
38.974789,-89.429784
38.788451,-89.420958
38.970777,-89.310401
38.877194,-89.557524
38.878355,-89.323188
38.972761,-89.542023
38.779478,-89.312653
42.281805,-88.890102
42.294583,-88.75487
42.370721,-88.74014
42.371137,-88.901401
42.206101,-88.890611
42.447152,-88.759293
42.449604,-88.896902
42.369797,-88.823009
42.197117,-88.75752
39.88769,-90.853353
39.976469,-90.595465
39.884233,-90.740995
39.967997,-90.867564
40.058911,-90.742291
39.975797,-90.737086
40.061252,-90.855415
40.032428,-90.656931
39.886303,-90.630404
41.285756,-89.458221
41.457051,-89.344219
41.452161,-89.56946
41.540381,-89.221563
41.361741,-89.67746
41.451289,-89.452536
41.540674,-89.801704
41.459508,-89.796432
41.542145,-89.673105
41.35883,-89.223285
41.276482,-89.572661
41.542356,-89.333286
41.283848,-89.359842
41.275496,-89.687684
41.450304,-89.680642
41.183595,-89.574265
41.368479,-89.794987
41.280245,-89.794395
41.543831,-89.456061
41.364012,-89.4511
41.36987,-89.338647
41.543573,-89.578609
41.44833,-89.220652
41.188673,-89.499213
41.358102,-89.557474
39.36606,-90.765449
39.340601,-90.646834
39.267741,-90.638674
39.137687,-90.665346
39.251086,-90.702122
39.150215,-90.626698
38.918311,-90.589735
39.022799,-90.629615
42.147231,-89.777579
41.977492,-89.715082
41.976651,-89.919236
42.157612,-89.92805
42.069797,-90.032331
42.061617,-89.772315
42.0709,-89.924189
42.080591,-90.143753
42.160522,-90.171299
42.153185,-90.036818
41.976583,-89.802081
41.985776,-90.05832
39.918129,-90.333326
39.916316,-90.022674
40.0032,-90.434771
40.035922,-90.360396
40.06978,-90.095981
39.915796,-90.466323
40.003199,-90.022854
39.996713,-90.104359
39.916398,-90.107363
40.01342,-90.216061
39.927733,-90.221125
39.923183,-87.973878
40.347352,-88.394367
40.091094,-88.310142
40.114099,-88.274619
40.018484,-88.399503
40.264458,-88.006496
40.25651,-88.279799
39.916453,-88.18738
40.110126,-88.197323
40.36243,-88.280848
40.363698,-88.069379
40.185944,-88.298011
40.349548,-87.969393
40.362519,-88.184662
40.184377,-88.407371
40.263866,-88.400609
40.148733,-87.971954
39.919274,-88.284733
40.01806,-88.194739
40.270861,-88.165365
39.923505,-88.066311
39.930688,-88.396922
40.103336,-88.061111
40.091424,-88.397816
40.004312,-88.076791
40.180226,-88.172702
40.023963,-87.97111
40.181311,-88.077643
40.017846,-88.285031
40.095313,-88.16764
39.516243,-89.081196
39.485521,-89.411884
39.66224,-89.336071
39.392849,-89.307376
39.48323,-89.314298
39.436496,-89.503945
39.478241,-89.191501
39.564341,-89.193336
39.757756,-89.208069
39.735402,-89.31507
39.406474,-89.089808
39.611358,-89.079621
39.399927,-89.411086
39.392601,-89.19491
39.578553,-89.451718
39.655233,-89.195313
39.569049,-89.317728
39.303828,-87.727292
39.379244,-87.804798
39.303997,-87.958924
39.309105,-87.648844
39.432992,-87.841661
39.463869,-87.737395
39.220698,-87.945983
39.40081,-87.735913
39.318872,-87.853245
39.220089,-87.730357
39.228381,-87.831686
39.386935,-87.948306
39.409698,-87.604549
39.459452,-87.960908
39.217563,-87.639337
38.869035,-88.418495
38.869987,-88.525562
38.666171,-88.317225
38.673941,-88.535323
38.780586,-88.417026
38.866755,-88.633676
38.782785,-88.529669
38.790048,-88.647849
38.801813,-88.306823
38.688394,-88.658181
38.671599,-88.417391
38.61889,-88.642463
38.609159,-89.537685
38.531735,-89.221716
38.609738,-89.359318
38.618459,-89.280806
38.69229,-89.208283
38.517498,-89.540647
38.692321,-89.311544
38.521075,-89.321853
38.505975,-89.65838
38.603555,-89.200971
38.691838,-89.544635
38.527234,-89.43507
38.611994,-89.655635
38.609428,-89.436131
38.697408,-89.426493
39.522387,-88.04082
39.48103,-88.187297
39.632517,-88.021234
39.586126,-88.301129
39.429651,-88.090699
39.477268,-88.293077
39.476628,-88.415085
39.598038,-88.109348
39.588989,-88.416857
39.404841,-88.417277
39.403385,-88.253124
39.586549,-88.193527
41.974112,-87.404446
42.111633,-88.179442
41.843333,-87.790926
41.515906,-87.600982
41.601556,-87.735025
41.657603,-87.657338
41.835726,-87.681415
41.844537,-87.759289
42.029901,-87.977329
42.046391,-87.694352
42.028028,-88.203644
41.669297,-87.962037
41.938074,-87.868504
41.774746,-87.859597
42.033528,-87.864414
42.101404,-87.744928
42.032088,-87.757778
42.10881,-87.834762
41.968686,-87.818122
41.887164,-87.78994
41.598592,-87.850406
42.111248,-88.064397
41.687737,-87.850005
41.864717,-87.871185
41.515291,-87.733381
41.894875,-87.819064
41.832682,-87.824837
42.029115,-88.089511
41.772935,-87.773906
41.601273,-87.600323
42.109869,-87.944578
41.690428,-87.743829
38.902572,-87.732575
39.116805,-87.687308
39.01568,-87.620189
39.123728,-87.894453
38.91091,-87.865616
38.90128,-87.593595
39.008289,-87.881008
39.136139,-87.790918
39.016556,-87.75301
38.865002,-87.870977
39.340308,-88.240836
39.224231,-88.054148
39.229445,-88.146466
39.323464,-88.401617
39.221943,-88.396553
39.276853,-88.252363
39.325737,-88.092203
39.192865,-88.272682
41.856404,-88.763605
41.762915,-88.771125
41.935363,-88.66174
41.935499,-88.771854
42.108569,-88.887285
42.104695,-88.656075
42.113148,-88.764591
41.938548,-88.881844
42.021234,-88.772595
41.845948,-88.877392
41.67663,-88.882058
41.848223,-88.657796
41.678361,-88.622637
41.764305,-88.882179
41.67788,-88.685787
42.019067,-88.883434
41.755175,-88.665024
42.023575,-88.646336
41.667298,-88.768921
40.173925,-89.095527
40.179842,-88.970557
40.090684,-88.869476
40.168451,-88.763173
40.185082,-88.858538
40.106041,-88.755074
40.257863,-88.757188
40.236175,-88.651317
40.098952,-88.971761
40.093094,-89.090598
40.241876,-88.971628
40.253275,-89.09101
40.260716,-88.871064
39.706056,-88.28813
39.701875,-88.410026
39.706445,-88.149311
39.827233,-88.166164
39.82609,-88.412935
39.828582,-88.079898
39.829122,-88.001631
39.721071,-88.038318
39.815181,-88.277183
41.948003,-87.980614
41.945633,-88.084619
41.979738,-87.92843
41.754302,-87.977525
41.771934,-88.092093
41.858573,-88.08948
41.766346,-88.200898
41.943394,-88.204715
41.853468,-88.207908
41.861772,-87.976101
39.752101,-87.583003
39.639626,-87.818574
39.738712,-87.703659
39.531235,-87.587983
39.671944,-87.914754
39.545334,-87.825139
39.670707,-87.589303
39.546695,-87.926758
39.627864,-87.709919
39.828794,-87.596097
39.836598,-87.709593
39.749041,-87.858257
39.614605,-87.585256
39.536552,-87.706957
39.836398,-87.851313
38.378741,-88.043356
38.412099,-88.102953
38.355904,-88.085186
38.449062,-88.00025
38.370115,-87.997032
38.292184,-88.089928
38.368752,-88.12638
38.306107,-88.011885
38.52537,-87.978082
38.529152,-88.029473
38.526017,-88.103292
38.469034,-88.098272
39.194003,-88.637763
39.045396,-88.41479
39.167471,-88.533402
39.035899,-88.637027
39.194212,-88.749589
38.956279,-88.415581
38.949048,-88.6485
39.129548,-88.752197
39.044438,-88.749804
39.130359,-88.414073
39.13086,-88.636356
39.130589,-88.495429
38.959133,-88.522345
39.046249,-88.522812
38.949985,-88.756722
39.041725,-88.863039
38.960409,-89.204073
39.192841,-88.943699
39.150186,-89.001458
39.185436,-89.200604
38.862323,-89.080851
38.867484,-88.75549
38.868035,-88.863999
39.143851,-88.872361
38.934084,-88.97847
38.777967,-89.185456
39.150436,-89.090254
39.047319,-88.991345
38.864427,-89.203984
39.02835,-89.201586
39.05111,-89.103766
39.119294,-89.194868
38.952705,-89.07989
38.963428,-88.867044
38.868792,-88.969813
40.716621,-88.179944
40.44958,-87.993065
40.463722,-88.283086
40.464241,-88.400464
40.626121,-88.187136
40.894064,-88.186552
40.443066,-88.136091
40.573954,-88.272055
40.806519,-88.183697
40.969445,-88.190284
40.577552,-88.384227
40.538198,-88.180279
38.070526,-88.992145
37.996654,-88.870034
37.996964,-88.989006
37.909966,-88.756553
37.909896,-88.98527
37.991025,-88.760696
38.077387,-88.874897
37.906574,-88.864609
38.080185,-89.084264
38.075582,-88.764639
37.904687,-89.091914
37.989039,-89.093192
40.228019,-90.385829
40.502539,-89.942348
40.407202,-90.271725
40.495594,-90.047399
40.581051,-90.046953
40.492558,-90.281623
40.586176,-90.266204
40.661109,-90.300513
40.672881,-90.149714
40.409424,-90.396035
40.665706,-90.049849
40.498321,-90.393357
40.306909,-90.156718
40.589026,-90.15786
40.224525,-90.1643
40.583559,-90.388072
40.407765,-90.161185
40.414086,-90.035915
40.58623,-89.931881
40.330188,-90.28171
40.474343,-90.170238
40.664351,-90.396088
40.318506,-90.393332
40.322039,-90.105597
40.227794,-90.274708
40.669729,-90.252765
37.884783,-88.201671
37.634005,-88.205669
37.647683,-88.325318
37.729297,-88.308305
37.73436,-88.197916
37.838869,-88.125579
37.819207,-88.320146
37.884895,-88.320088
37.82714,-88.200697
37.748094,-88.084173
39.476081,-90.215608
39.3184,-90.528432
39.329547,-90.436257
39.215173,-90.375081
39.301851,-90.320646
39.47181,-90.516717
39.29117,-90.21489
39.494099,-90.352902
39.392895,-90.188436
39.40451,-90.542585
39.422672,-90.395881
39.228555,-90.511231
39.389116,-90.319727
41.425607,-88.315662
41.244552,-88.277766
41.348725,-88.529357
41.31063,-88.294898
41.148908,-88.328743
41.147729,-88.40879
41.360769,-88.304709
41.148911,-88.269848
41.144594,-88.538453
41.240428,-88.330109
41.241383,-88.417519
41.364577,-88.408848
41.412771,-88.538306
41.31291,-88.526332
41.4123,-88.414075
41.241851,-88.523233
41.321084,-88.418653
38.172249,-88.43125
38.078183,-88.433
38.218818,-88.494304
38.19125,-88.656628
37.989587,-88.65243
38.08717,-88.660249
38.085226,-88.539005
37.971628,-88.442089
38.168479,-88.521978
37.92981,-88.650877
37.93123,-88.546133
37.991586,-88.536049
40.580944,-91.30216
40.236108,-90.968772
40.327075,-91.199304
40.413536,-91.088352
40.242265,-91.087773
40.590607,-91.171534
40.583727,-91.072169
40.504627,-90.972463
40.415414,-90.965774
40.326298,-91.093719
40.593018,-90.963934
40.421573,-91.318841
40.551444,-91.381001
40.506522,-91.075373
40.591924,-91.222275
40.407801,-91.205513
40.505641,-91.194465
40.244737,-91.434553
40.239307,-91.216557
40.32717,-90.967651
40.503598,-91.303415
40.243542,-91.312674
40.351045,-91.428019
40.315448,-91.410426
40.342003,-91.327629
37.487453,-88.185579
37.495295,-88.265305
37.55571,-88.3503
37.534466,-88.152955
37.424825,-88.365319
37.471918,-88.369385
41.025552,-90.858278
40.847065,-90.848412
40.751452,-91.066636
40.845294,-90.977884
40.674071,-91.078734
40.763282,-90.846316
40.948042,-90.936168
40.678486,-90.846304
40.938801,-90.836502
40.763786,-90.961347
40.674338,-90.96188
41.458279,-89.912538
41.280643,-90.261574
41.372549,-89.912293
41.455506,-90.037314
41.278912,-90.03066
41.28529,-90.135469
41.19419,-90.265705
41.452474,-90.369404
41.362902,-90.022296
41.447625,-90.272363
41.183842,-90.038489
41.455036,-90.14505
41.507122,-90.266497
41.273888,-89.919332
41.540175,-90.029774
41.288328,-90.395043
41.367957,-90.144603
41.367977,-90.260921
41.194391,-90.378626
41.529924,-90.144567
41.192232,-90.142356
41.369097,-90.376285
41.191907,-89.926094
41.540107,-89.916987
40.612359,-88.018564
40.623527,-87.855259
40.89178,-87.972641
40.899677,-87.58881
40.974347,-87.591155
40.7298,-87.708374
40.951062,-87.91513
40.823307,-87.589005
40.727227,-87.823083
40.831736,-88.006266
40.770443,-88.003328
40.530564,-87.822321
40.816201,-87.823241
40.52635,-88.054039
40.531359,-87.709621
40.901288,-87.737905
40.815897,-87.708488
40.630391,-87.713002
40.954942,-88.073655
40.699506,-87.969261
40.974741,-87.74011
40.528982,-87.93739
40.533376,-87.590402
40.7036,-88.072615
40.732621,-87.588552
40.632859,-87.592219
37.913394,-89.565782
37.730153,-89.209744
37.809498,-89.630076
37.815148,-89.195549
37.906945,-89.210521
37.746447,-89.560711
37.649362,-89.47287
37.824794,-89.544654
37.823809,-89.439574
37.636236,-89.210098
37.733483,-89.314786
37.905557,-89.421911
37.641493,-89.355521
37.725872,-89.436594
37.818193,-89.304201
37.905615,-89.31818
39.121973,-88.137842
38.900373,-88.105762
39.134831,-88.001705
39.128408,-88.2818
39.054008,-88.019889
39.019527,-88.311883
38.901181,-87.99968
38.899689,-88.206623
38.912703,-88.307006
39.005883,-88.182422
38.985246,-88.01033
38.16909,-89.092506
38.25642,-89.088114
38.346751,-89.094359
38.2547,-88.879877
38.17908,-88.982673
38.431289,-88.746674
38.432473,-88.867274
38.43013,-89.090116
38.256162,-88.983628
38.173688,-88.783352
38.338622,-88.862393
38.252717,-88.753559
38.428309,-88.973787
38.341136,-88.98038
38.162531,-88.873039
38.350649,-88.756268
38.983359,-90.320941
39.125219,-90.42967
39.134393,-90.194715
39.14769,-90.304677
39.048971,-90.308971
39.042629,-90.412103
39.049136,-90.190694
38.988989,-90.474591
39.133481,-90.54507
39.039982,-90.526073
39.212752,-90.192819
42.483751,-90.138858
42.240142,-89.949223
42.483711,-90.352343
42.237479,-90.154373
42.480539,-90.615088
42.413727,-90.375462
42.316327,-90.282331
42.421131,-90.274968
42.244141,-90.301291
42.463066,-90.535
42.433556,-89.952524
42.240746,-90.037547
42.442589,-90.447388
42.328435,-90.389124
42.41527,-90.043177
42.483711,-90.247438
42.328102,-90.04015
42.418248,-90.154494
42.48396,-90.443839
42.327441,-89.951335
42.483844,-90.027207
42.403509,-90.459524
42.328093,-90.159644
37.338945,-88.961435
37.466044,-88.873109
37.57753,-88.765429
37.362348,-88.977428
37.449283,-88.987583
37.545458,-89.009391
37.548098,-88.946486
37.394155,-88.767573
37.359189,-88.761733
37.589174,-88.948007
37.583488,-88.854888
37.528372,-88.766636
37.468763,-88.760689
37.553576,-88.878168
37.402237,-88.947755
37.377395,-88.854997
37.397863,-88.905279
41.768869,-88.31893
41.832188,-88.317202
41.763426,-88.537214
41.851906,-88.428527
42.024263,-88.545504
41.939594,-88.42804
42.110435,-88.301351
42.026101,-88.318221
41.88053,-88.323336
42.111508,-88.529546
41.84989,-88.549428
42.025179,-88.432931
42.108436,-88.412435
41.941538,-88.320977
41.768648,-88.431479
41.936186,-88.547545
41.07286,-87.785348
41.174314,-87.860972
41.158293,-88.181359
41.158928,-87.708567
41.107508,-87.85853
41.129456,-87.959119
41.251619,-87.838031
41.167706,-87.591527
41.055789,-88.191418
41.039414,-87.91562
41.065031,-87.591608
41.058126,-88.075515
41.24298,-87.95096
41.044581,-87.716264
41.161157,-88.069144
41.251996,-87.722465
41.263285,-87.590684
41.513344,-88.532398
41.688429,-88.438038
41.591743,-88.548885
41.58814,-88.430626
41.502993,-88.424193
41.678742,-88.537209
41.592293,-88.312602
41.675769,-88.317995
41.50478,-88.318946
40.839137,-90.378045
40.758004,-90.285852
41.026158,-90.150883
40.838685,-90.033943
40.949277,-90.327201
40.950217,-90.376564
40.844363,-90.156886
41.022884,-90.382615
40.75262,-90.396697
40.928647,-90.264565
41.091338,-90.03884
40.754624,-90.188307
41.107777,-90.266353
40.841544,-90.276757
40.93251,-90.151885
41.107552,-90.381068
40.746374,-90.056898
41.020063,-90.265672
40.929609,-90.040138
41.018861,-90.051877
41.107677,-90.155507
42.326441,-87.435976
42.464695,-88.113546
42.35225,-88.060872
42.452621,-87.814288
42.196029,-88.163307
42.19593,-88.062204
42.279306,-88.062779
42.37487,-88.163906
42.414486,-88.065372
42.284165,-87.945206
42.185968,-87.805939
42.453508,-87.948874
42.281246,-87.856594
42.197795,-87.945529
42.37298,-87.946482
42.282589,-88.166611
42.374797,-87.84882
42.195206,-87.857642
42.4599,-87.849737
41.584362,-88.764797
41.151368,-88.644306
41.248507,-88.661048
41.168754,-88.846365
41.421833,-88.810415
41.287529,-88.99128
41.411347,-89.10707
41.143623,-88.917234
41.592069,-88.880833
41.236382,-89.105758
41.302781,-88.771461
41.236955,-88.865449
41.499176,-88.875743
41.237564,-88.760245
40.970615,-88.989214
41.14828,-89.105162
41.321366,-89.08024
41.339522,-88.645553
41.575817,-89.100828
41.583979,-88.994419
41.409221,-88.643184
41.509222,-88.654211
41.595166,-88.65976
41.50232,-88.980946
41.059878,-88.989155
41.349065,-88.878917
41.153862,-88.760988
41.324388,-89.135016
41.148869,-89.009099
41.390002,-88.75383
41.500969,-88.759151
41.308331,-88.857921
41.491241,-89.11742
41.345599,-88.986337
41.214064,-88.993227
41.41818,-88.883113
41.412631,-88.991075
38.719328,-87.58219
38.813882,-87.695888
38.701015,-87.779684
38.698167,-87.855932
38.630602,-87.689822
38.732245,-87.694762
38.61369,-87.834654
38.798147,-87.842069
38.815852,-87.569636
41.843757,-88.989291
41.712848,-89.3427
41.866563,-89.22569
41.808815,-89.217082
41.673579,-89.109096
41.867715,-89.459416
41.620198,-89.466928
41.823864,-89.312766
41.62835,-89.574177
41.714986,-89.573905
41.719352,-89.231166
41.714743,-89.462891
41.620819,-89.337804
41.827614,-89.3744
41.788248,-89.572824
41.859648,-89.580218
41.839412,-89.107426
41.797379,-89.450988
41.620712,-89.225977
41.762998,-89.107899
41.757152,-88.988189
41.681813,-88.992045
40.970844,-88.765255
40.807035,-88.53315
40.644404,-88.517054
40.979347,-88.302836
40.795529,-88.292708
40.710612,-88.300974
41.072018,-88.408968
40.806954,-88.650249
40.968392,-88.634184
40.639012,-88.398761
40.71644,-88.410207
40.639556,-88.282037
40.709723,-88.530396
40.972775,-88.87336
40.885192,-88.873348
41.064247,-88.52797
41.064049,-88.761449
40.983052,-88.525214
40.881447,-88.520057
40.792055,-88.766599
40.795427,-88.413469
40.891675,-88.644863
41.063445,-88.877779
40.887097,-88.758091
41.067948,-88.305574
40.882201,-88.412514
40.885009,-88.300481
41.063477,-88.642357
40.971602,-88.407096
40.798011,-88.872346
40.098538,-89.202614
40.248843,-89.209746
40.088494,-89.433289
40.092833,-89.313112
40.094366,-89.548237
40.171698,-89.30153
39.988356,-89.423856
40.275688,-89.317343
40.01283,-89.536115
40.011597,-89.200186
39.939067,-89.199161
39.982791,-89.310562
40.182514,-89.20371
40.271827,-89.432165
40.270037,-89.545121
40.177606,-89.544232
40.181178,-89.433923
40.324056,-90.734728
40.593473,-90.857117
40.562722,-90.502835
40.404313,-90.721474
40.423812,-90.774887
40.315895,-90.502565
40.504131,-90.751787
40.504929,-90.843467
40.323492,-90.619942
40.323877,-90.855425
40.502723,-90.613492
40.470149,-90.683114
40.497494,-90.504097
40.407289,-90.49487
40.607424,-90.502907
40.588858,-90.731956
40.403965,-90.614515
40.419672,-90.858038
40.587043,-90.616951
42.454338,-88.535772
42.198067,-88.27594
42.455074,-88.216757
42.454845,-88.647756
42.199184,-88.537018
42.278276,-88.406841
42.368999,-88.649929
42.200283,-88.415605
42.374487,-88.404232
42.370163,-88.531814
42.454437,-88.413024
42.37176,-88.280357
42.291014,-88.642278
42.285225,-88.274353
42.455051,-88.296075
42.195646,-88.651532
42.291032,-88.525314
40.442621,-89.208559
40.529425,-88.516789
40.433412,-88.622749
40.335432,-88.514579
40.423732,-88.983504
40.475777,-88.969912
40.530354,-88.747642
40.43951,-88.510792
40.690425,-88.763511
40.595082,-88.516894
40.435948,-89.102425
40.543721,-89.210379
40.446182,-88.754738
40.35114,-88.870619
40.538289,-89.094546
40.337497,-88.744839
40.336973,-89.089313
40.717612,-88.890426
40.628319,-88.977712
40.620672,-88.625979
40.6269,-88.754538
40.524572,-88.627138
40.632349,-88.881663
40.333818,-89.220025
40.538387,-88.985281
40.445036,-88.86013
40.343036,-88.978429
40.53358,-88.862759
40.339486,-88.632817
40.600955,-89.098137
40.720535,-88.63182
40.005693,-89.086634
39.773178,-89.087481
39.846304,-88.958223
40.006434,-88.822296
39.841558,-89.091524
39.920027,-88.973379
39.918384,-89.086164
39.826737,-88.832808
40.011264,-88.962402
39.737305,-88.860091
39.87156,-89.169982
39.887047,-88.791021
39.691564,-89.083126
39.69753,-88.974514
39.779856,-88.974796
39.929648,-88.854518
39.397321,-90.101471
39.300058,-89.993866
39.045394,-90.094388
39.226362,-89.88311
39.027392,-89.982526
39.138003,-89.752703
39.304249,-89.869367
39.223987,-90.078157
39.046006,-89.860427
39.134555,-89.865595
39.457491,-89.756734
39.138143,-89.96462
39.227458,-89.751913
39.064955,-89.753074
39.391648,-89.756043
39.478695,-89.869661
39.47777,-89.981447
39.219571,-89.974668
39.477269,-90.09656
39.309136,-89.753557
39.124053,-90.079689
39.390354,-89.865897
39.402385,-89.98831
39.020071,-89.753421
39.500001,-89.75101
39.306493,-90.089629
38.879786,-89.756873
38.902125,-90.154083
38.78682,-90.100445
38.700034,-89.981997
38.790258,-89.984695
38.883912,-89.983364
38.963577,-90.096727
38.952893,-90.222545
38.713404,-90.128642
38.873543,-89.870426
38.702693,-89.651647
38.70256,-89.867485
38.87397,-89.660158
38.786698,-89.759527
38.957034,-89.994232
38.709505,-90.079764
38.953376,-89.673009
38.961693,-89.750784
38.95986,-89.86977
38.7898,-89.875937
38.691862,-89.749359
38.781593,-89.643665
38.713168,-90.170448
38.871546,-90.080027
38.689863,-88.86522
38.692258,-89.085059
38.513364,-89.081527
38.781347,-88.964323
38.518652,-88.86843
38.607867,-88.75507
38.779517,-88.865432
38.788708,-88.745125
38.599106,-89.062322
38.695137,-88.750032
38.783611,-89.078721
38.519078,-88.976597
38.516902,-88.758956
38.609096,-88.973434
38.604887,-89.114146
38.603504,-88.86319
38.689608,-88.975332
40.973405,-89.209797
40.97051,-89.104309
41.071583,-89.100319
41.119034,-89.386175
41.058127,-89.330709
40.974163,-89.403796
41.015451,-89.575377
40.971712,-89.328916
41.061516,-89.228159
41.101615,-89.584059
41.020216,-89.483997
41.099126,-89.475759
40.282786,-89.663624
40.155752,-90.115208
40.178244,-89.87227
40.339891,-89.826808
40.281727,-90.008381
40.169931,-89.986537
40.123187,-90.355338
40.387919,-89.774046
40.185959,-89.660544
40.260585,-89.771335
40.370654,-89.932525
40.174469,-89.77144
40.260432,-89.885433
37.175263,-88.738856
37.282814,-88.723953
37.15519,-88.597739
37.164313,-88.732826
37.31054,-88.793542
37.214562,-88.766651
37.224597,-88.864178
37.127309,-88.539837
37.16657,-88.70204
37.158306,-88.724475
37.288426,-88.875813
37.15393,-88.735774
37.151183,-88.73085
37.148479,-88.725944
37.145929,-88.718829
37.222338,-88.630724
37.149911,-88.654212
39.984146,-89.721525
39.938785,-89.737283
40.043434,-89.947981
40.006629,-89.615223
40.110239,-89.70244
40.081049,-89.786638
40.100234,-89.638725
40.10842,-89.950005
39.996395,-89.801645
40.026477,-89.867144
39.994409,-89.897384
40.009106,-89.854481
39.933741,-89.823207
40.091053,-89.861518
40.042449,-89.694286
39.95021,-89.943463
41.113173,-90.841966
41.277554,-90.845204
41.288412,-90.99241
41.198399,-90.614119
41.120094,-90.936677
41.197198,-90.721888
41.199955,-90.839799
41.202279,-90.994662
41.107643,-90.493912
41.111795,-90.725611
41.287856,-90.718495
41.278738,-90.604995
41.280221,-90.48657
41.194986,-90.497254
41.109823,-90.608206
38.30589,-89.992855
38.439274,-90.196409
38.441626,-90.188544
38.45226,-90.208511
38.44747,-90.2112
38.270789,-89.981176
38.321068,-90.078759
38.289939,-90.100928
38.168575,-90.088998
38.439652,-90.190947
38.393537,-90.178321
38.284839,-90.207261
38.161929,-90.193667
38.377259,-90.226072
38.284706,-90.308452
38.351013,-90.157977
38.336455,-90.163967
38.325079,-90.153871
38.331084,-90.144014
38.305917,-90.298337
38.416781,-90.250424
38.342735,-90.225686
38.257665,-90.209446
38.465043,-90.24455
38.431222,-90.204796
38.363082,-90.123093
38.315417,-90.168376
38.360043,-90.113581
38.247998,-90.086845
38.36868,-90.168537
38.339845,-90.151402
38.335273,-90.152662
38.319619,-90.142132
38.468044,-90.21268
38.458826,-90.198875
38.448076,-90.193441
38.442027,-90.204733
39.278004,-89.198875
39.49,-89.602235
39.224626,-89.526083
39.099558,-89.418694
39.12992,-89.306939
39.061028,-89.521174
39.392583,-89.559461
39.132235,-89.528761
39.214245,-89.419581
39.298291,-89.315434
39.224237,-89.642505
39.394985,-89.643542
39.29961,-89.519885
39.305023,-89.41885
39.057156,-89.306301
39.129171,-89.643533
39.042511,-89.639305
39.217442,-89.307242
39.298345,-89.65119
39.738564,-90.05028
39.813174,-90.271913
39.780652,-90.426201
39.832427,-90.367628
39.608227,-90.063865
39.742514,-90.217087
39.744257,-90.23209
39.73349,-90.219475
39.727289,-90.199038
39.727467,-90.226122
39.712099,-90.203666
39.719616,-90.238615
39.726116,-90.237345
39.730322,-90.237091
39.73363,-90.240817
39.722629,-90.253517
39.727089,-90.26267
39.726472,-90.273611
39.73869,-90.267386
39.738354,-90.258075
39.737259,-90.249174
39.746694,-90.249092
39.737977,-90.240458
39.803745,-90.178588
39.681187,-90.32952
39.751566,-90.329738
39.86405,-90.486323
39.804617,-90.524486
39.565113,-90.238419
39.552443,-90.154656
39.683806,-90.163064
39.817403,-90.091803
39.712556,-90.220273
39.712348,-90.230409
39.712708,-90.24052
39.696783,-90.228312
39.55134,-89.995787
39.609619,-89.954722
39.627008,-89.993164
39.641905,-90.224299
39.732127,-88.748564
39.565452,-88.534126
39.652823,-88.529929
39.730308,-88.644347
39.743665,-88.529966
39.630343,-88.762449
39.590967,-88.651452
39.486344,-88.53715
42.06894,-89.656316
41.985656,-89.569503
42.166268,-89.263618
41.932671,-88.997121
41.978008,-89.656893
41.936017,-89.116304
42.163488,-89.638338
41.918731,-89.445166
41.910297,-89.225905
42.158508,-89.394983
42.069754,-89.568619
42.015956,-88.988309
42.089855,-89.217326
42.16457,-89.502239
42.1114,-89.008819
42.070959,-89.451734
41.982843,-89.329918
41.978571,-89.455108
41.981472,-89.228101
42.084899,-89.338027
42.107076,-89.114487
41.909523,-89.334716
42.013705,-89.109673
41.923583,-89.57108
40.92819,-89.689018
40.835305,-89.935515
40.929241,-89.495016
40.760814,-89.92013
40.933315,-89.59334
40.59568,-89.699982
40.840995,-89.810377
40.746233,-89.699626
40.668373,-89.701412
40.669842,-89.817758
40.846529,-89.573979
40.925972,-89.935471
40.744955,-89.609642
40.937815,-89.804036
40.842425,-89.697843
40.753147,-89.568882
40.747601,-89.809347
40.578251,-89.818921
40.665233,-89.932105
40.636584,-89.635871
38.173477,-89.350378
38.052604,-89.543786
38.022029,-89.236615
38.008644,-89.236177
38.000208,-89.229678
37.979862,-89.28507
38.018707,-89.276141
38.008781,-89.170681
38.026246,-89.192033
38.009394,-89.228468
38.039946,-89.279504
37.990023,-89.181608
38.014296,-89.235556
37.961226,-89.199108
38.079687,-89.385442
38.033738,-89.353858
37.993307,-89.427891
38.0609,-89.457433
38.117688,-89.469857
38.115313,-89.368963
38.090219,-89.331897
38.121993,-89.4273
38.062814,-89.218793
38.16966,-89.519943
38.148741,-89.179429
38.161835,-89.24747
37.982008,-89.523253
39.926626,-88.532941
40.214686,-88.548544
39.854165,-88.67945
40.112264,-88.638003
40.017543,-88.543146
40.120841,-88.51636
39.821355,-88.547332
39.985495,-88.679485
39.534725,-91.019222
39.712794,-91.093736
39.79718,-90.642364
39.628712,-91.189748
39.623777,-90.973044
39.612966,-90.65096
39.792914,-90.862326
39.716166,-90.66853
39.708324,-90.742343
39.717001,-90.96458
39.528032,-90.746617
39.714779,-91.206079
39.725338,-91.306564
39.531847,-90.858615
39.53267,-90.628166
39.622296,-90.746867
39.70906,-90.857755
39.449942,-90.645617
39.799009,-90.735294
39.621093,-90.860526
39.439914,-90.855555
39.626052,-91.066942
39.449243,-90.959623
39.448454,-90.737074
37.543799,-88.603568
37.360159,-88.564642
37.480835,-88.494218
37.362137,-88.486721
37.219067,-88.511334
37.40276,-88.657308
37.138276,-89.132614
37.252307,-89.013258
37.274032,-88.974224
37.094559,-89.169921
37.129263,-89.22436
37.204387,-89.096459
37.294786,-89.08948
37.213727,-89.201593
37.265701,-89.180077
37.167146,-89.204695
37.317141,-89.171039
41.261314,-89.209974
41.21811,-89.298189
41.143541,-89.231967
41.187262,-89.41979
38.175327,-89.828782
37.983781,-89.740639
38.01647,-89.983851
38.065553,-89.801819
37.912086,-89.803543
38.174584,-89.619663
38.011193,-89.893864
38.090932,-89.936176
37.901933,-89.930051
38.004509,-89.800098
38.019491,-89.614002
38.082495,-90.100339
38.18601,-89.954022
37.858195,-89.708472
38.120573,-89.992663
38.111286,-89.675419
38.013617,-89.677239
38.190388,-89.708109
38.105579,-89.821705
37.933182,-89.654414
38.624218,-87.968488
38.713741,-87.970318
38.635468,-88.214184
38.801445,-88.204933
38.798595,-87.972157
38.615362,-88.088148
38.709084,-88.213571
38.71044,-88.087494
38.809198,-88.084314
41.436113,-90.721326
41.436781,-90.59522
41.371374,-90.608764
41.394622,-90.824722
41.612569,-90.189377
41.437132,-90.47338
41.620594,-90.257884
41.715026,-90.283607
41.380291,-90.981058
41.372382,-90.724903
41.527906,-90.388072
41.503798,-90.506818
41.624313,-90.330109
41.506584,-90.564916
41.370404,-90.491272
41.482506,-90.474807
41.482524,-90.569865
41.554655,-90.263848
38.515973,-89.989779
38.632976,-90.077748
38.620995,-89.976675
38.574269,-90.148809
38.616361,-90.130528
38.443047,-89.766499
38.359466,-89.757902
38.438775,-89.869298
38.609161,-89.766696
38.265742,-89.874658
38.262023,-89.757426
38.527667,-89.765231
38.418438,-90.086322
38.348748,-89.86615
38.61379,-89.86431
38.353092,-89.988261
38.535691,-89.979841
38.52909,-89.873586
38.434191,-89.984509
38.652503,-90.161989
38.519247,-90.091208
38.51531,-90.186376
37.773576,-88.662914
37.693416,-88.651628
37.733623,-88.431516
37.818457,-88.428243
37.837556,-88.650445
37.731502,-88.541134
37.641136,-88.545525
37.886715,-88.539362
37.637825,-88.43231
37.813452,-88.544659
37.883615,-88.426551
37.618725,-88.660351
37.885535,-88.634686
39.566766,-89.758141
39.659232,-89.642889
39.901913,-89.428734
39.720651,-89.705895
39.840873,-89.90918
39.660707,-89.754213
39.830006,-89.531103
39.745061,-89.440474
39.659481,-89.544752
39.737891,-89.766007
39.568575,-89.66041
39.919495,-89.658849
39.842837,-89.768961
39.86131,-89.26213
39.763198,-89.900989
39.842241,-89.335478
39.651823,-89.846437
39.649284,-89.91556
39.829529,-89.430505
39.717359,-89.889622
39.572958,-89.582082
39.745506,-89.533634
39.845905,-89.655774
39.567294,-89.871866
39.925224,-89.544877
39.730933,-89.666999
40.045073,-90.506568
40.238075,-90.852705
40.236116,-90.736017
40.145308,-90.388223
40.141011,-90.619453
40.148438,-90.737789
40.09202,-90.430466
40.169816,-90.270698
40.152495,-90.860193
40.234471,-90.621643
40.233605,-90.507806
40.144393,-90.486306
40.051678,-90.619315
39.565393,-90.405529
39.658491,-90.54961
39.735231,-90.518608
39.5709,-90.533434
39.589816,-90.344803
39.723736,-90.425172
39.747697,-90.58235
39.668888,-90.392502
39.66303,-90.466171
39.618015,-90.433387
39.402258,-88.523197
39.311387,-88.524672
39.314183,-88.750319
39.30168,-88.964666
39.245475,-88.861414
39.55903,-88.971306
39.237794,-88.971429
39.248639,-88.74997
39.311175,-88.861663
39.631737,-88.972958
39.278162,-89.084043
39.485618,-88.746958
39.623785,-88.865156
39.558181,-88.864015
39.280931,-88.638095
39.389845,-88.639472
39.478615,-88.862839
39.395128,-88.87098
39.473866,-88.972943
39.397768,-88.742342
39.250906,-88.524341
39.543595,-88.759327
39.396378,-88.983233
39.473799,-88.653402
41.191303,-89.810709
41.018257,-89.811557
41.10576,-89.926677
41.1958,-89.693375
41.100971,-89.686621
41.104631,-89.806285
41.017551,-89.696432
41.011808,-89.917619
42.417343,-89.633428
42.417728,-89.545214
42.32836,-89.778675
42.242535,-89.693594
42.289539,-89.635826
42.333817,-89.70129
42.240124,-89.890837
42.327977,-89.86523
42.33681,-89.568915
42.238485,-89.803973
42.482484,-89.664333
42.270043,-89.439485
42.480671,-89.477094
42.394832,-89.463357
42.243706,-89.567408
42.41711,-89.752009
42.417573,-89.868767
42.482475,-89.83822
40.359391,-89.434365
40.517882,-89.663181
40.608111,-89.336658
40.360646,-89.54471
40.437444,-89.548902
40.526466,-89.550643
40.701467,-89.537786
40.61568,-89.552766
40.350757,-89.323483
40.432256,-89.427676
40.448393,-89.323263
40.531743,-89.326974
40.356046,-89.659674
40.615068,-89.439674
40.592846,-89.626809
40.436181,-89.66142
40.485617,-89.810814
40.52142,-89.432698
40.704146,-89.417889
37.562846,-89.330479
37.480649,-89.264712
37.43143,-89.23811
37.443446,-89.217113
37.487796,-89.22033
37.465538,-89.244466
37.495027,-89.244753
37.462109,-89.17253
37.409848,-89.199925
37.546146,-89.203235
37.554841,-89.27363
37.367154,-89.108474
37.362395,-89.194761
37.412756,-89.258164
37.411533,-89.302652
37.487823,-89.291554
37.536379,-89.099792
37.362759,-89.268618
37.426862,-89.108857
37.468187,-89.409753
40.212725,-87.701592
40.430445,-87.847486
39.928048,-87.743902
40.061062,-87.72485
40.104125,-87.610948
39.911262,-87.631556
40.002371,-87.654145
40.441909,-87.647305
39.979694,-87.797747
39.916976,-87.580244
40.003129,-87.57686
40.31602,-87.839381
40.205399,-87.593946
40.132413,-87.838372
40.216553,-87.850744
40.369565,-87.640181
39.926127,-87.87786
40.304308,-87.652249
40.045306,-87.88009
38.403701,-87.903004
38.336704,-87.858906
38.314739,-87.938275
38.516227,-87.808065
38.54025,-87.886664
38.475346,-87.902247
38.415729,-87.811396
38.527734,-87.729098
40.752849,-90.48847
40.932883,-90.497471
40.762366,-90.73107
40.845492,-90.499009
40.674404,-90.511585
40.930254,-90.737413
41.018283,-90.503291
40.847763,-90.614129
40.931054,-90.60886
40.676147,-90.730823
40.760772,-90.615697
41.015234,-90.619548
41.024407,-90.727341
40.678954,-90.611888
40.856582,-90.723706
38.331697,-89.202387
38.347212,-89.316203
38.249141,-89.316493
38.438766,-89.422986
38.254905,-89.198989
38.452404,-89.31616
38.450534,-89.198085
38.349585,-89.64859
38.260718,-89.649726
38.347908,-89.424483
38.256546,-89.541078
38.434434,-89.538618
38.254178,-89.425095
38.35113,-89.541808
38.371758,-89.199612
38.421498,-89.650761
38.365936,-88.526688
38.296944,-88.318402
38.521569,-88.414839
38.42885,-88.52841
38.316322,-88.422876
38.51929,-88.309182
38.317136,-88.651473
38.586931,-88.645132
38.357314,-88.309647
38.424317,-88.64467
38.519369,-88.527158
38.426703,-88.306496
38.58448,-88.4787
38.434064,-88.41514
38.322158,-88.20028
38.421155,-88.20094
38.537939,-88.193871
38.52337,-88.637307
38.305545,-88.555138
38.578835,-88.310859
38.195912,-88.203779
38.082862,-88.207962
37.960666,-88.0943
38.07955,-88.315399
38.232193,-88.055729
38.088681,-88.069304
37.981785,-88.202036
37.977457,-88.316663
38.192267,-88.31754
38.170656,-88.047709
41.749292,-90.226698
41.881525,-89.90821
41.771575,-89.690787
41.647024,-90.124943
41.710368,-90.037905
41.879331,-90.121476
41.791333,-90.138689
41.880481,-89.817499
41.627982,-89.689726
41.797169,-89.809348
41.708649,-89.806582
41.879946,-89.696342
41.736022,-89.910033
41.707768,-89.700014
41.802873,-89.907399
41.712228,-90.147192
41.618326,-90.056247
41.637039,-89.910532
41.814257,-89.688484
41.627666,-89.805039
41.800695,-90.035194
41.881262,-90.026799
41.421236,-88.189799
41.42042,-87.602555
41.226686,-88.133234
41.682901,-88.087758
41.331915,-88.072235
41.513603,-87.846452
41.426295,-87.845317
41.592218,-87.964155
41.414111,-88.083664
41.508295,-88.082569
41.596251,-88.089148
41.424704,-87.961984
41.421748,-87.739462
41.511145,-87.964179
41.342833,-87.848347
41.593806,-88.199675
41.243322,-88.214278
41.506708,-88.197038
41.34226,-87.598768
41.25565,-88.062613
41.681785,-88.202819
41.347137,-87.737285
41.333997,-88.189339
41.33713,-87.959334
37.814693,-89.091427
37.738427,-89.105711
37.834487,-88.761842
37.741855,-88.772881
37.646397,-88.877882
37.733905,-88.868615
37.642076,-89.096473
37.819412,-88.984751
37.817453,-88.870724
37.644107,-88.988739
37.639463,-88.759657
37.725398,-88.979686
42.332272,-89.230223
42.198469,-88.99291
42.410187,-89.349343
42.363007,-88.982422
42.405975,-89.223663
42.476615,-89.328617
42.382665,-89.107118
42.3672,-89.310331
42.248678,-89.07452
42.453303,-89.098244
42.449164,-88.991989
42.23976,-89.329145
42.471918,-89.207745
42.247282,-89.226846
40.876369,-89.335777
40.882418,-89.103684
40.696248,-89.295813
40.702755,-89.018125
40.798026,-89.093354
40.638643,-89.11028
40.881771,-89.217348
40.799471,-89.327556
40.886579,-88.995173
40.645866,-89.224835
40.712625,-89.221772
40.692253,-89.112305
40.796037,-88.987782
40.8664,-89.461084
40.792309,-89.218175
40.786873,-89.530337
40.803266,-89.440983
